feature,coefficient
tenure,-1.2258176139993948
MonthlyCharges,0.7345042892024143
Contract_encoded,-0.6021654319525149
TotalCharges,0.491060454396349
PhoneService_encoded,-0.29145854910367003
OnlineSecurity_encoded,-0.24684856004531525
TechSupport_encoded,-0.22870093218808174
PaperlessBilling_encoded,0.19510724901319468
InternetService_encoded,0.17719379043356734
OnlineBackup_encoded,-0.13210502515250547
Dependents_encoded,-0.1092013181536292
PaymentMethod_encoded,0.09482322441390907
MultipleLines_encoded,0.08674639684030239
DeviceProtection_encoded,-0.07566850238560573
SeniorCitizen,0.06276803458692105
Partner_encoded,0.01938603282431048
gender_encoded,0.007817752627525255
StreamingTV_encoded,0.005254382337615503
StreamingMovies_encoded,0.00258276531120736
