feature,importance
Contract_encoded,0.18181598012558223
tenure,0.15660867037545112
TotalCharges,0.13114768603758936
MonthlyCharges,0.12692573792518075
TechSupport_encoded,0.07378397346903004
OnlineSecurity_encoded,0.06571490761167775
InternetService_encoded,0.055659927742013
PaymentMethod_encoded,0.03803084259452615
OnlineBackup_encoded,0.03451804708993741
PaperlessBilling_encoded,0.022468851018158716
gender_encoded,0.015960200035322974
MultipleLines_encoded,0.015787193459782186
DeviceProtection_encoded,0.015314831879690466
StreamingMovies_encoded,0.01440759165489477
Dependents_encoded,0.012896518772667055
Partner_encoded,0.012658612611226212
StreamingTV_encoded,0.012080734121799502
SeniorCitizen,0.009725355982814233
PhoneService_encoded,0.004494337492656071
